label,ivector1,ivector2
1,"[ 0.03266378 -0.03837718 -0.03099537 ...  0.03049226 -0.01518072 0.03016662]","[ 0.01847364 -0.04672752  0.00014054 ...  0.01992955  0.00884955 -0.01223501]"
1,"[ 0.01715958 -0.02121819  0.00205025 ...  0.00738522 -0.01416309 -0.00023593]","[ 0.04598368 -0.03285428 -0.01351271 ...  0.00810992 -0.01826923 -0.00576735]"
1,"[ 0.03697936 -0.01187973  0.01189025 ... -0.03145674  0.01057187 0.01237712]","[ 0.06215808 -0.01297125 -0.01203698 ... -0.00551007 -0.02559126 0.04619215]"
1,"[ 0.02504392 -0.01357869 -0.00350403 ...  0.00596498 -0.01121225 0.01725846]","[ 0.0141499  -0.01822655 -0.00624997 ... -0.0318966  -0.03239042 0.01323008]"
1,"[ 0.04548909 -0.01650642 -0.05382997 ... -0.01467285 -0.0104295 0.02698769]","[ 0.03697936 -0.01187973  0.01189025 ... -0.03145674  0.01057187 0.01237712]"
1,"[ 0.05800983 -0.05905032 -0.02336677 ...  0.07118864 -0.0625374 0.02252709]","[ 0.05628249 -0.00324988 -0.01333    ... -0.00703055  0.00804165 0.00835909]"
1,"[ 0.03682769 -0.03614793 -0.0058593  ... -0.01039021  0.00628314 0.02312039]","[ 0.0298779  -0.0313781  -0.01798471 ... -0.00074401 -0.04546518 0.0025689 ]"
1,"[ 0.0349267  -0.01722751 -0.04403824 ...  0.02867489 -0.01133682 -0.00359698]","[ 0.02569655 -0.0105385  -0.0066443  ...  0.02566765 -0.01419818 0.01301246]"
1,"[ 0.03584109 -0.02603135 -0.02193887 ...  0.01804054  0.01556954 -0.00747284]","[ 0.04325    -0.02398546 -0.03919993 ...  0.05026735 -0.01997429 -0.00617254]"
1,"[ 0.04698062 -0.03827748 -0.02922424 ... -0.00304434 -0.01728305 0.02525702]","[ 0.01847364 -0.04672752  0.00014054 ...  0.01992955  0.00884955 -0.01223501]"
0,"[ 0.01847364 -0.04672752  0.00014054 ...  0.01992955  0.00884955 -0.01223501]","[ 0.02569655 -0.0105385  -0.0066443  ...  0.02566765 -0.01419818 0.01301246]"
0,"[ 0.02569655 -0.0105385  -0.0066443  ...  0.02566765 -0.01419818 0.01301246]","[ 0.04548909 -0.01650642 -0.05382997 ... -0.01467285 -0.0104295 0.02698769]"
0,"[ 0.06215808 -0.01297125 -0.01203698 ... -0.00551007 -0.02559126 0.04619215]","[ 0.04822622 -0.00808849 -0.01581388 ...  0.01989313  0.00787214 0.00858966]"
0,"[ 0.01715958 -0.02121819  0.00205025 ...  0.00738522 -0.01416309 -0.00023593]","[ 0.03697936 -0.01187973  0.01189025 ... -0.03145674  0.01057187 0.01237712]"
0,"[ 0.01715958 -0.02121819  0.00205025 ...  0.00738522 -0.01416309 -0.00023593]","[ 0.04325    -0.02398546 -0.03919993 ...  0.05026735 -0.01997429 -0.00617254]"
0,"[ 0.02504392 -0.01357869 -0.00350403 ...  0.00596498 -0.01121225 0.01725846]","[ 0.0349267  -0.01722751 -0.04403824 ...  0.02867489 -0.01133682 -0.00359698]"
0,"[ 0.03697936 -0.01187973  0.01189025 ... -0.03145674  0.01057187 0.01237712]","[ 0.03697936 -0.01187973  0.01189025 ... -0.03145674  0.01057187 0.01237712]"
0,"[ 0.03682769 -0.03614793 -0.0058593  ... -0.01039021  0.00628314 0.02312039]","[ 0.01847364 -0.04672752  0.00014054 ...  0.01992955  0.00884955 -0.01223501]"
0,"[ 0.01847364 -0.04672752  0.00014054 ...  0.01992955  0.00884955 -0.01223501]","[ 0.03584109 -0.02603135 -0.02193887 ...  0.01804054  0.01556954 -0.00747284]"
0,"[ 0.04548909 -0.01650642 -0.05382997 ... -0.01467285 -0.0104295 0.02698769]","[ 0.03266378 -0.03837718 -0.03099537 ...  0.03049226 -0.01518072 0.03016662]"